

[{"communityid":"1","communityname":"Comic Sections","description":null,"userid":"1","mainimagepath":"comic.png","highlightedimagepath":"comic_blue.png","isdeleted":"0","created_at":"2016-09-18 01:22:37","updated_at":null}, {"communityid":"2","communityname":"Gaming","description":null,"userid":"1","mainimagepath":"gaming.png","highlightedimagepath":"gaming_blue.png","isdeleted":"0","created_at":"2016-09-18 01:22:37","updated_at":null}, {"communityid":"3","communityname":"Politics Jokes","description":null,"userid":"1","mainimagepath":"politics_jokes.png","highlightedimagepath":"politics_jokes_blue.png","isdeleted":"0","created_at":"2016-09-18 01:22:37","updated_at":null}, {"communityid":"4","communityname":"Funny","description":null,"userid":"1","mainimagepath":"funny.png","highlightedimagepath":"funny_blue.png","isdeleted":"0","created_at":"2016-09-18 01:22:37","updated_at":null}, {"communityid":"5","communityname":"Anime","description":null,"userid":"1","mainimagepath":"anime.png","highlightedimagepath":"anime_blue.png","isdeleted":"0","created_at":"2016-09-18 01:22:37","updated_at":null}, {"communityid":"6","communityname":"Movies & T.V","description":null,"userid":"1","mainimagepath":"movie_tv.png","highlightedimagepath":"movie_tv_blue.png","isdeleted":"0","created_at":"2016-09-18 01:22:37","updated_at":null}, {"communityid":"7","communityname":"Offensive","description":null,"userid":"1","mainimagepath":"offensive.png","highlightedimagepath":"offensive_blue.png","isdeleted":"0","created_at":"2016-09-18 01:22:37","updated_at":null}, {"communityid":"8","communityname":"GIF","description":null,"userid":"1","mainimagepath":"gif.png","highlightedimagepath":"gif_blue.png","isdeleted":"0","created_at":"2016-09-18 01:22:37","updated_at":null}, {"communityid":"9","communityname":"Relatable","description":null,"userid":"1","mainimagepath":"relatable.png","highlightedimagepath":"relatable_blue.png","isdeleted":"0","created_at":"2016-09-18 01:22:37","updated_at":null}, {"communityid":"10","communityname":"Sports- (Cricket and Football)","description":null,"userid":"1","mainimagepath":"sports.png","highlightedimagepath":"sports_blue.png","isdeleted":"0","created_at":"2016-09-18 01:22:37","updated_at":null}, {"communityid":"11","communityname":"Contest - New year memes","description":null,"userid":"1","mainimagepath":"new_year.png","highlightedimagepath":"new_year_yellow.png","isdeleted":"1","created_at":"2016-12-27 12:28:39","updated_at":null}]
